latitude,longitude,speed_kph,time_seconds
39.509876,-105.017384,36.16,0.0
39.509938,-105.017298,37.76,1.0
39.510003,-105.017208,35.84,2.0
39.510061,-105.017122,31.04,3.0
39.510211,-105.016931,23.68,6.0
39.510321,-105.016897,21.12,8.0
39.510476,-105.017,32.0,11.0
39.510541,-105.017066,36.8,12.0
39.510611,-105.017142,40.96,13.0
39.510687,-105.017229,45.44,14.0
39.510774,-105.017328,50.88,15.0
39.510869,-105.017439,55.68,16.0
39.510974,-105.017564,60.48,17.0
39.511481,-105.018142,74.56,21.0
39.511621,-105.018305,76.48,22.0
39.511766,-105.01847,78.4,23.0
39.512378,-105.019178,82.24,27.0
39.512845,-105.019725,85.12,30.0
39.513006,-105.019911,85.44,31.0
39.513169,-105.020096,85.44,32.0
39.513332,-105.020277,85.76,33.0
39.513835,-105.020811,84.16,36.0
39.514007,-105.020975,84.48,37.0
39.514358,-105.021296,85.76,39.0
39.514537,-105.02145,86.72,40.0
39.51472,-105.021605,87.04,41.0
39.514904,-105.021762,86.4,42.0
39.515087,-105.021917,86.08,43.0
39.515816,-105.022527,86.72,47.0
39.51638,-105.022978,88.32,50.0
39.516954,-105.023433,90.24,53.0
39.517149,-105.023586,90.88,54.0
39.517345,-105.023741,91.52,55.0
39.517545,-105.023896,92.16,56.0
39.51775,-105.024048,92.8,57.0
39.51816,-105.024345,93.44,59.0
39.518578,-105.02463,93.44,61.0
39.519005,-105.024898,92.48,63.0
39.519216,-105.025028,92.16,64.0
39.519639,-105.025276,92.16,66.0
39.520286,-105.025643,91.84,69.0
39.520499,-105.025763,91.2,70.0
39.520708,-105.025882,91.2,71.0
39.521135,-105.026125,91.52,73.0
39.521346,-105.026248,91.52,74.0
39.521559,-105.026367,91.52,75.0
39.521981,-105.026607,91.2,77.0
39.522193,-105.026726,91.84,78.0
39.522622,-105.026975,93.76,80.0
39.523057,-105.027228,94.72,82.0
39.523275,-105.027356,95.36,83.0
39.523496,-105.027482,95.36,84.0
39.524165,-105.027859,97.28,87.0
39.52484,-105.028241,97.6,90.0
39.525065,-105.02837,97.6,91.0
39.525292,-105.0285,97.92,92.0
39.525518,-105.028633,98.56,93.0
39.525745,-105.02877,98.56,94.0
39.526415,-105.029198,98.56,97.0
39.527071,-105.029671,99.84,100.0
39.527288,-105.029837,100.16,101.0
39.527727,-105.030166,99.2,103.0
39.527944,-105.030335,99.52,104.0
39.528163,-105.030499,99.84,105.0
39.528382,-105.030666,99.84,106.0
39.5286,-105.030831,99.84,107.0
39.529033,-105.031166,99.2,109.0
39.529249,-105.03133,98.56,110.0
39.52968,-105.031657,98.24,112.0
39.530111,-105.031979,98.88,114.0
39.530325,-105.032141,98.56,115.0
39.530975,-105.032626,97.92,118.0
39.531189,-105.032789,97.92,119.0
39.531403,-105.032951,97.6,120.0
39.531831,-105.033268,97.6,122.0
39.532045,-105.033429,98.24,123.0
39.532472,-105.033755,98.56,125.0
39.532686,-105.033918,98.24,126.0
39.533117,-105.034238,97.6,128.0
39.533331,-105.034393,96.64,129.0
39.533756,-105.034708,96.32,131.0
39.533967,-105.034866,96.32,132.0
39.534179,-105.035029,96.64,133.0
39.534818,-105.035508,96.0,136.0
39.53503,-105.035665,96.32,137.0
39.535914,-105.036155,92.8,141.0
39.536142,-105.03622,91.84,142.0
39.536601,-105.036276,88.0,144.0
39.536823,-105.036283,85.76,145.0
39.53704,-105.036278,83.84,146.0
39.537254,-105.03627,83.84,147.0
39.537887,-105.036251,82.24,150.0
39.538095,-105.03625,81.28,151.0
39.538509,-105.036256,81.6,153.0
39.538716,-105.036262,81.6,154.0
39.539136,-105.036279,83.2,156.0
39.539345,-105.036287,84.16,157.0
39.53956,-105.036295,84.8,158.0
39.539778,-105.036299,85.76,159.0
39.540658,-105.036322,86.4,163.0
39.540876,-105.03633,87.04,164.0
39.541095,-105.03634,88.32,165.0
39.541321,-105.036349,89.6,166.0
39.541548,-105.036351,90.56,167.0
39.541779,-105.036355,91.2,168.0
39.54201,-105.036352,91.52,169.0
39.542245,-105.036356,91.84,170.0
39.542714,-105.03636,93.12,172.0
39.543185,-105.036363,92.8,174.0
39.543659,-105.036374,93.44,176.0
39.543895,-105.036379,93.76,177.0
39.544132,-105.03638,94.4,178.0
39.544371,-105.036386,94.4,179.0
39.545083,-105.036388,92.16,182.0
39.545316,-105.036386,90.88,183.0
39.545547,-105.036386,88.96,184.0
39.545773,-105.036384,87.68,185.0
39.54622,-105.036379,86.08,187.0
39.54644,-105.03638,85.44,188.0
39.546875,-105.03638,85.44,190.0
39.547309,-105.036386,85.76,192.0
39.547526,-105.036389,85.76,193.0
39.547744,-105.036388,86.4,194.0
39.548181,-105.036391,88.32,196.0
39.548407,-105.036397,89.6,197.0
39.548863,-105.036415,91.2,199.0
39.549563,-105.036443,93.12,202.0
39.550277,-105.036451,93.76,205.0
39.550514,-105.036452,93.76,206.0
39.550751,-105.03645,94.72,207.0
39.551235,-105.036456,95.36,209.0
39.551477,-105.03646,95.36,210.0
39.551959,-105.036476,95.68,212.0
39.552203,-105.036484,96.32,213.0
39.552695,-105.036493,95.68,215.0
39.552937,-105.036499,95.04,216.0
39.553179,-105.036504,94.4,217.0
39.553658,-105.036505,93.44,219.0
39.555116,-105.036505,96.96,225.0
39.555862,-105.036519,98.56,228.0
39.556111,-105.036521,99.2,229.0
39.556868,-105.036529,99.2,232.0
39.557371,-105.036538,99.2,234.0
39.557623,-105.03654,99.2,235.0
39.558372,-105.036555,97.6,238.0
39.558623,-105.03656,96.0,239.0
39.559106,-105.03656,92.16,241.0
39.559342,-105.036558,90.56,242.0
39.559573,-105.036547,88.96,243.0
39.559799,-105.036531,88.0,244.0
39.560674,-105.036312,87.36,248.0
39.561088,-105.036116,87.04,250.0
39.561488,-105.035876,88.0,252.0
39.561685,-105.035739,86.08,253.0
39.562227,-105.035319,76.16,256.0
39.562836,-105.034791,64.96,260.0
39.562971,-105.034672,57.92,261.0
39.563331,-105.034338,31.04,265.0
39.563395,-105.034276,31.36,266.0
39.563609,-105.034078,32.96,269.0
39.563672,-105.034022,29.44,270.0
39.563834,-105.033879,16.96,273.0
39.563871,-105.033851,12.16,274.0
39.563896,-105.03383,6.08,275.0
39.564133,-105.033638,3.52,285.0
39.564139,-105.033631,1.28,286.0
39.564143,-105.033628,0.0,291.0
39.564143,-105.033628,0.0,292.0
39.564143,-105.033628,0.0,293.0
39.564143,-105.033628,0.0,294.0
39.564143,-105.033628,0.0,296.0
39.564143,-105.033628,0.0,297.0
39.564143,-105.033628,0.0,300.0
39.564143,-105.033628,0.0,301.0
39.564143,-105.033628,0.0,302.0
39.564143,-105.033628,0.0,305.0
39.564143,-105.033628,0.0,306.0
39.564143,-105.033628,0.0,307.0
39.564143,-105.033628,0.0,310.0
39.564143,-105.033628,0.0,311.0
39.564143,-105.033628,0.0,312.0
39.564143,-105.033628,0.0,313.0
39.564143,-105.033628,0.0,314.0
39.564143,-105.033628,0.0,316.0
39.564143,-105.033628,1.6,317.0
39.56446,-105.033392,33.6,325.0
39.564532,-105.03334,29.76,326.0
39.564719,-105.033206,23.68,329.0
39.564873,-105.033153,18.88,332.0
39.56503,-105.033508,40.32,338.0
39.565045,-105.033645,46.72,339.0
39.56509,-105.034579,69.12,344.0
39.565092,-105.034805,71.68,345.0
39.56509,-105.035783,76.48,349.0
39.565107,-105.036559,81.92,352.0
39.565118,-105.036825,84.16,353.0
39.565137,-105.037101,86.08,354.0
39.565162,-105.03738,86.4,355.0
39.5652,-105.037658,87.68,356.0
39.56531,-105.03822,89.28,358.0
39.565455,-105.038776,91.2,360.0
39.565543,-105.039054,91.84,361.0
39.565742,-105.039588,88.96,363.0
39.56597,-105.040096,90.88,365.0
39.566216,-105.040612,95.36,367.0
39.566466,-105.041141,92.8,369.0
39.566821,-105.041923,91.84,372.0
39.567174,-105.042699,90.88,375.0
39.567284,-105.042958,90.88,376.0
39.567488,-105.043499,93.76,378.0
39.567582,-105.043782,95.36,379.0
39.567808,-105.044682,97.92,382.0
39.567945,-105.045634,98.56,385.0
39.567971,-105.045955,98.24,386.0
39.567968,-105.047205,92.8,390.0
39.567882,-105.048116,93.76,393.0
39.567848,-105.04842,95.04,394.0
39.567775,-105.049037,96.96,396.0
39.567741,-105.049348,97.6,397.0
39.567703,-105.049664,98.56,398.0
39.567633,-105.050305,99.52,400.0
39.567519,-105.051269,98.88,403.0
39.567406,-105.05223,97.92,406.0
39.567299,-105.053168,95.68,409.0
39.567187,-105.054108,97.92,412.0
39.567153,-105.054425,98.88,413.0
39.567116,-105.054747,99.52,414.0
39.567079,-105.055073,99.84,415.0
39.567006,-105.055714,96.64,417.0
39.566969,-105.056028,94.72,418.0
39.5669,-105.056641,94.72,420.0
39.566792,-105.057558,93.12,423.0
39.566755,-105.057858,92.8,424.0
39.566544,-105.059705,96.96,430.0
39.56643,-105.060657,99.2,433.0
39.566319,-105.061629,99.84,436.0
39.566283,-105.061951,100.8,437.0
39.566164,-105.062931,102.72,440.0
39.566127,-105.063266,102.72,441.0
39.566088,-105.0636,103.04,442.0
39.56605,-105.063933,103.36,443.0
39.565975,-105.064606,103.04,445.0
39.565937,-105.06494,103.04,446.0
39.565856,-105.065604,102.4,448.0
39.565751,-105.066256,100.8,450.0
39.565692,-105.066573,100.8,451.0
39.565624,-105.066893,101.76,452.0
39.565365,-105.067832,102.08,455.0
39.565144,-105.06844,102.08,457.0
39.56502,-105.068732,102.4,458.0
39.564889,-105.069021,102.08,459.0
39.563955,-105.070579,100.16,465.0
39.563779,-105.070814,98.88,466.0
39.563432,-105.07128,96.96,468.0
39.563266,-105.071513,96.64,469.0
39.562763,-105.072193,97.28,472.0
39.562053,-105.073128,104.96,476.0
39.561865,-105.073374,106.88,477.0
39.561679,-105.073627,109.12,478.0
39.561294,-105.074148,112.64,480.0
39.560705,-105.074957,112.64,483.0
39.560506,-105.075223,113.28,484.0
39.560105,-105.075763,116.16,486.0
39.5599,-105.076037,117.44,487.0
39.55948,-105.076585,119.04,489.0
39.55927,-105.076866,119.36,490.0
39.559062,-105.077146,120.0,491.0
39.558644,-105.077711,119.04,493.0
39.557404,-105.079395,117.76,499.0
39.557196,-105.079675,117.76,500.0
39.556784,-105.080238,119.36,502.0
39.556359,-105.080801,118.4,504.0
39.555558,-105.081902,112.96,508.0
39.555203,-105.082477,112.0,510.0
39.555034,-105.082771,112.0,511.0
39.554874,-105.083075,111.04,512.0
39.554727,-105.083383,110.08,513.0
39.554463,-105.084019,109.76,515.0
39.554134,-105.085014,111.68,518.0
39.553951,-105.085713,112.96,520.0
39.553805,-105.086435,115.52,522.0
39.553748,-105.086806,115.84,523.0
39.553702,-105.087184,113.92,524.0
39.55365,-105.087925,109.44,526.0
39.553647,-105.088979,104.96,529.0
39.55372,-105.090013,104.96,532.0
39.55382,-105.09069,106.56,534.0
39.553885,-105.091031,107.84,535.0
39.553958,-105.091372,107.84,536.0
39.554128,-105.092044,108.48,538.0
39.554342,-105.0927,108.16,540.0
39.554463,-105.093018,107.2,541.0
39.55459,-105.093328,106.24,542.0
39.554725,-105.093633,105.92,543.0
39.555006,-105.094224,105.92,545.0
39.555457,-105.095098,107.84,548.0
39.555761,-105.095686,108.48,550.0
39.556222,-105.096577,110.4,553.0
39.556533,-105.097178,112.0,555.0
39.556689,-105.097484,112.96,556.0
39.556847,-105.097794,113.28,557.0
39.557007,-105.098101,113.6,558.0
39.557167,-105.098413,114.24,559.0
39.557327,-105.098725,114.24,560.0
39.557956,-105.099978,114.56,564.0
39.558395,-105.100961,116.8,567.0
39.558537,-105.101298,117.44,568.0
39.558672,-105.101639,118.08,569.0
39.558928,-105.10234,117.44,571.0
39.559365,-105.103747,115.52,575.0
39.559866,-105.105894,113.6,581.0
39.559991,-105.106619,113.6,583.0
39.560134,-105.107714,113.28,586.0
39.560206,-105.108453,113.92,588.0
39.560232,-105.108821,113.28,589.0
39.560254,-105.10919,113.92,590.0
39.560286,-105.109933,113.28,592.0
39.560311,-105.110673,113.6,594.0
39.560331,-105.111419,114.24,596.0
39.56034,-105.111793,114.56,597.0
39.560351,-105.112169,115.2,598.0
39.560361,-105.112547,116.16,599.0
39.560372,-105.112929,116.16,600.0
39.560402,-105.114069,115.84,603.0
39.560413,-105.114449,116.48,604.0
39.560452,-105.115594,114.88,607.0
39.560496,-105.11634,113.28,609.0
39.560562,-105.117077,114.24,611.0
39.560981,-105.119695,119.04,618.0
39.561245,-105.120809,118.72,621.0
39.561447,-105.121541,118.08,623.0
39.561793,-105.122608,117.12,626.0
39.562177,-105.123641,115.84,629.0
39.562459,-105.12431,116.8,631.0
39.562763,-105.124969,118.08,633.0
39.563088,-105.125622,119.36,635.0
39.563618,-105.126578,120.0,638.0
39.563995,-105.127192,119.36,640.0
39.564786,-105.128347,116.8,644.0
39.564993,-105.128621,117.12,645.0
39.565204,-105.128892,117.44,646.0
39.565638,-105.129415,118.4,648.0
39.566088,-105.129933,119.04,650.0
39.566539,-105.130452,120.0,652.0
39.566997,-105.130978,120.32,654.0
39.568365,-105.132554,119.68,660.0
39.568594,-105.132815,119.36,661.0
39.568821,-105.133074,119.36,662.0
39.569049,-105.133334,119.36,663.0
39.569722,-105.134118,119.68,666.0
39.570851,-105.135421,119.36,671.0
39.571303,-105.135942,117.76,673.0
39.571745,-105.136456,118.08,675.0
39.571968,-105.136714,118.08,676.0
39.572416,-105.137226,118.08,678.0
39.572638,-105.137482,118.08,679.0
39.572866,-105.137737,118.4,680.0
39.573094,-105.13799,118.4,681.0
39.573326,-105.138233,118.4,682.0
39.575312,-105.139969,120.0,690.0
39.575576,-105.140163,120.32,691.0
39.576117,-105.140531,119.68,693.0
39.576388,-105.140704,118.08,694.0
39.576657,-105.140864,117.44,695.0
39.576932,-105.14102,115.52,696.0
39.577202,-105.141166,112.96,697.0
39.577732,-105.14143,110.4,699.0
39.577995,-105.141556,111.04,700.0
39.578523,-105.141805,112.32,702.0
39.58124,-105.143053,114.24,712.0
39.581797,-105.143304,117.76,714.0
39.58264,-105.143693,117.12,717.0
39.58349,-105.144079,121.28,720.0
39.583779,-105.144212,121.92,721.0
39.584361,-105.144478,121.28,723.0
39.584941,-105.144745,120.32,725.0
39.586659,-105.145491,116.16,731.0
39.586936,-105.145618,116.48,732.0
39.587216,-105.145744,117.12,733.0
39.587498,-105.145873,117.12,734.0
39.587776,-105.146003,117.44,735.0
39.588057,-105.146132,118.72,736.0
39.588341,-105.146262,119.68,737.0
39.588628,-105.146391,120.0,738.0
39.589203,-105.146656,120.96,740.0
39.590072,-105.147053,120.96,743.0
39.590361,-105.147185,121.92,744.0
39.590652,-105.147319,122.88,745.0
39.590947,-105.147455,123.2,746.0
39.591242,-105.147593,123.52,747.0
39.591536,-105.14773,123.52,748.0
39.59242,-105.148136,123.84,751.0
39.593306,-105.148542,123.2,754.0
39.593603,-105.148675,122.88,755.0
39.593896,-105.148807,123.2,756.0
39.59419,-105.148941,123.2,757.0
39.594484,-105.149076,122.24,758.0
39.595059,-105.149352,121.6,760.0
39.595344,-105.149498,121.28,761.0
39.595912,-105.149802,120.32,763.0
39.596737,-105.150295,118.4,766.0
39.597007,-105.150469,118.4,767.0
39.597276,-105.150641,118.4,768.0
39.597545,-105.150821,118.4,769.0
39.597809,-105.150999,118.08,770.0
39.598074,-105.151175,118.08,771.0
39.598338,-105.151353,117.44,772.0
39.598605,-105.151528,117.12,773.0
39.598867,-105.151705,116.48,774.0
39.599654,-105.152232,116.8,777.0
39.600462,-105.152716,117.76,780.0
39.601015,-105.152993,117.44,782.0
39.601583,-105.153224,115.52,784.0
39.602723,-105.153563,115.52,788.0
39.603891,-105.153739,114.56,792.0
39.604473,-105.153759,113.6,794.0
39.605337,-105.153713,113.28,797.0
39.606189,-105.15358,112.32,800.0
39.60647,-105.153514,112.0,801.0
39.606747,-105.153437,112.64,802.0
39.607582,-105.153145,115.52,805.0
39.607859,-105.153031,117.12,806.0
39.608142,-105.152913,118.72,807.0
39.608717,-105.152659,120.64,809.0
39.609299,-105.1524,120.32,811.0
39.60959,-105.152266,120.0,812.0
39.609885,-105.152137,120.0,813.0
39.610464,-105.151867,121.28,815.0
39.610751,-105.151733,121.28,816.0
39.611042,-105.151602,120.96,817.0
39.611332,-105.151468,120.96,818.0
39.611908,-105.151201,119.36,820.0
39.612192,-105.151063,120.0,821.0
39.612477,-105.150931,120.96,822.0
39.613057,-105.150664,121.92,824.0
39.613938,-105.150286,121.28,827.0
39.614233,-105.15018,121.28,828.0
39.615434,-105.149859,122.88,832.0
39.616057,-105.149763,124.16,834.0
39.616684,-105.149713,122.88,836.0
39.616997,-105.149706,122.88,837.0
39.617923,-105.149761,119.04,840.0
39.618522,-105.149861,117.44,842.0
39.618818,-105.149926,117.12,843.0
39.619109,-105.150003,116.8,844.0
39.619681,-105.150182,118.08,846.0
39.620822,-105.150663,117.76,850.0
39.621099,-105.150815,118.72,851.0
39.621373,-105.150973,120.32,852.0
39.621922,-105.151326,121.6,854.0
39.622709,-105.151936,120.64,857.0
39.62348,-105.152599,121.92,860.0
39.62399,-105.153045,120.96,862.0
39.624244,-105.153269,120.64,863.0
39.624496,-105.153497,118.72,864.0
39.625477,-105.154365,114.88,868.0
39.62572,-105.154578,114.56,869.0
39.626442,-105.155214,114.56,872.0
39.626684,-105.155428,114.88,873.0
39.627171,-105.155858,116.48,875.0
39.627416,-105.156072,117.44,876.0
39.62791,-105.156509,118.72,878.0
39.628893,-105.157378,114.56,882.0
39.629131,-105.157592,113.6,883.0
39.629369,-105.1578,112.96,884.0
39.629602,-105.158009,112.32,885.0
39.630303,-105.158632,111.36,888.0
39.630536,-105.158841,110.72,889.0
39.630995,-105.159252,108.16,891.0
39.63145,-105.159658,109.44,893.0
39.631678,-105.159865,110.72,894.0
39.631909,-105.160075,111.04,895.0
39.632366,-105.160508,111.68,897.0
39.63259,-105.160732,112.32,898.0
39.632816,-105.160958,111.68,899.0
39.63304,-105.161186,111.04,900.0
39.633257,-105.161413,111.68,901.0
39.633477,-105.161644,112.32,902.0
39.634358,-105.162616,115.2,906.0
39.634575,-105.162866,114.24,907.0
39.635,-105.163375,112.32,909.0
39.635202,-105.163631,112.0,910.0
39.636016,-105.164676,114.56,914.0
39.636219,-105.164948,114.88,915.0
39.636624,-105.165504,116.16,917.0
39.637592,-105.166942,117.76,922.0
39.637781,-105.167242,119.04,923.0
39.638159,-105.167851,120.64,925.0
39.638736,-105.168782,122.24,928.0
39.638929,-105.169097,122.24,929.0
39.63912,-105.169411,122.88,930.0
39.640471,-105.171636,124.48,937.0
39.640667,-105.17196,125.76,938.0
39.640862,-105.172283,126.4,939.0
39.641061,-105.172609,126.72,940.0
39.64166,-105.173594,126.08,943.0
39.642654,-105.175235,126.08,948.0
39.642852,-105.175562,126.08,949.0
39.643243,-105.176215,124.8,951.0
39.643639,-105.176853,122.88,953.0
39.643834,-105.177165,122.24,954.0
39.644037,-105.177471,121.92,955.0
39.644684,-105.17832,119.36,958.0
39.644918,-105.178575,120.0,959.0
39.64646,-105.17986,120.0,965.0
39.64789,-105.180548,119.36,970.0
39.648478,-105.18072,119.04,972.0
39.649364,-105.18087,116.16,975.0
39.649954,-105.180935,114.88,977.0
39.650532,-105.180995,112.96,979.0
39.651102,-105.181058,111.68,981.0
39.651385,-105.181086,112.0,982.0
39.651954,-105.181137,111.36,984.0
39.652232,-105.181165,110.72,985.0
39.652511,-105.181198,111.04,986.0
39.652789,-105.181227,110.72,987.0
39.653349,-105.181286,108.48,989.0
39.654438,-105.1814,105.92,993.0
39.654976,-105.181463,107.2,995.0
39.656074,-105.181579,110.72,999.0
39.656355,-105.181618,111.68,1000.0
39.65721,-105.181778,114.88,1003.0
39.658342,-105.182141,114.24,1007.0
39.658618,-105.182257,114.24,1008.0
39.658891,-105.182384,113.92,1009.0
39.659157,-105.182527,113.28,1010.0
39.65942,-105.182678,112.32,1011.0
39.659676,-105.182837,111.36,1012.0
39.659929,-105.183003,111.68,1013.0
39.660179,-105.183178,111.68,1014.0
39.660427,-105.18336,112.0,1015.0
39.660675,-105.183541,111.68,1016.0
39.661159,-105.183915,111.36,1018.0
39.661401,-105.184103,110.72,1019.0
39.661882,-105.184474,110.4,1021.0
39.662877,-105.185162,111.36,1025.0
39.663905,-105.185711,106.24,1029.0
39.664415,-105.185922,106.56,1031.0
39.664674,-105.18602,107.2,1032.0
39.6652,-105.186189,108.16,1034.0
39.66547,-105.186264,108.16,1035.0
39.66574,-105.186336,108.48,1036.0
39.666011,-105.186405,108.16,1037.0
39.666278,-105.186472,108.48,1038.0
39.667364,-105.186751,108.16,1042.0
39.668168,-105.186959,107.84,1045.0
39.668436,-105.187025,109.12,1046.0
39.670382,-105.187518,113.28,1053.0
39.671228,-105.187739,114.88,1056.0
39.672076,-105.187957,112.32,1059.0
39.673176,-105.188237,109.12,1063.0
39.673448,-105.188307,109.12,1064.0
39.673722,-105.188374,110.4,1065.0
39.674274,-105.188497,111.68,1067.0
39.675125,-105.18864,114.88,1070.0
39.676916,-105.188798,121.6,1076.0
39.67753,-105.188807,122.56,1078.0
39.678475,-105.188775,123.2,1081.0
39.678787,-105.188752,120.0,1082.0
39.679091,-105.188727,118.4,1083.0
39.67939,-105.188695,116.48,1084.0
39.680834,-105.188535,110.72,1089.0
39.682213,-105.18838,108.48,1094.0
39.682762,-105.188317,109.12,1096.0
39.683313,-105.188252,109.44,1098.0
39.683591,-105.188222,110.4,1099.0
39.683868,-105.188189,111.36,1100.0
39.684148,-105.188158,112.0,1101.0
39.685286,-105.188026,114.24,1105.0
39.685576,-105.187992,114.88,1106.0
39.685869,-105.187959,115.52,1107.0
39.686457,-105.187891,115.84,1109.0
39.686749,-105.187856,114.88,1110.0
39.687039,-105.187815,113.92,1111.0
39.688181,-105.187691,111.68,1115.0
39.689032,-105.187658,112.32,1118.0
39.689315,-105.187664,112.64,1119.0
39.6896,-105.187678,112.64,1120.0
39.689887,-105.187703,112.96,1121.0
39.690172,-105.187739,113.6,1122.0
39.69046,-105.187782,113.92,1123.0
39.690746,-105.187835,114.56,1124.0
39.691029,-105.187901,114.24,1125.0
39.691592,-105.188064,113.92,1127.0
39.692693,-105.188515,114.56,1131.0
39.693501,-105.188959,116.16,1134.0
39.693765,-105.189128,116.48,1135.0
39.69534,-105.190214,118.4,1141.0
39.695606,-105.190401,118.4,1142.0
39.695868,-105.190585,118.4,1143.0
39.696393,-105.190954,118.08,1145.0
39.696656,-105.191136,117.76,1146.0
39.697441,-105.19168,118.08,1149.0
39.697708,-105.191865,119.04,1150.0
39.698236,-105.192237,118.72,1152.0
39.698499,-105.19242,118.72,1153.0
39.698769,-105.1926,118.72,1154.0
39.700177,-105.193289,119.04,1159.0
39.701066,-105.193492,118.72,1162.0
39.701969,-105.193525,119.04,1165.0
39.702859,-105.193417,117.12,1168.0
39.703157,-105.193362,116.16,1169.0
39.703446,-105.193305,115.52,1170.0
39.703734,-105.19325,114.56,1171.0
39.704305,-105.193135,114.24,1173.0
39.704592,-105.193079,113.92,1174.0
39.705164,-105.192966,112.96,1176.0
39.70545,-105.19291,112.64,1177.0
39.705732,-105.192855,111.68,1178.0
39.70657,-105.192697,111.68,1181.0
39.707969,-105.192421,111.36,1186.0
39.708529,-105.192309,110.08,1188.0
39.709353,-105.19223,106.56,1191.0
39.709624,-105.192248,105.6,1192.0
39.709886,-105.192297,105.28,1193.0
39.710401,-105.192476,104.96,1195.0
39.71112,-105.192942,107.52,1198.0
39.711579,-105.193333,108.16,1200.0
39.712032,-105.193736,106.88,1202.0
39.712697,-105.194339,105.28,1205.0
39.713139,-105.194735,106.56,1207.0
39.713584,-105.195144,109.44,1209.0
39.714044,-105.195567,112.64,1211.0
39.715675,-105.197046,108.48,1218.0
39.715911,-105.197232,107.84,1219.0
39.717697,-105.198006,104.32,1226.0
39.71796,-105.19805,103.36,1227.0
39.718221,-105.198089,103.36,1228.0
39.718744,-105.19816,103.04,1230.0
39.719516,-105.198262,98.88,1233.0
39.719764,-105.198296,96.96,1234.0
39.720971,-105.198451,93.12,1239.0
39.721207,-105.198473,93.76,1240.0
39.721682,-105.198512,94.72,1242.0
39.723386,-105.198544,86.08,1249.0
39.72381,-105.198557,77.76,1251.0
39.724201,-105.198627,77.76,1253.0
39.724391,-105.198693,77.76,1254.0
39.724575,-105.19878,77.76,1255.0
39.725488,-105.199722,78.72,1261.0
39.725598,-105.199937,80.32,1262.0
39.726144,-105.201447,86.08,1268.0
39.726659,-105.202318,81.92,1272.0
39.726816,-105.202496,82.88,1273.0
39.72698,-105.202677,84.16,1274.0
39.72732,-105.203026,87.36,1276.0
39.728038,-105.203736,90.24,1280.0
39.728217,-105.203925,90.88,1281.0
39.72839,-105.204124,92.48,1282.0
39.728558,-105.20434,93.44,1283.0
39.728712,-105.204572,93.76,1284.0
39.728991,-105.205069,95.04,1286.0
39.729116,-105.205334,95.04,1287.0
39.729229,-105.20561,95.04,1288.0
39.72947,-105.206482,93.44,1291.0
39.729642,-105.207378,92.48,1294.0
39.729701,-105.207675,92.16,1295.0
39.729762,-105.207969,90.56,1296.0
39.729898,-105.208537,88.32,1298.0
39.730061,-105.209077,87.36,1300.0
39.730153,-105.20934,88.64,1301.0
39.730377,-105.209847,89.28,1303.0
39.730646,-105.210327,92.48,1305.0
39.731114,-105.21102,90.24,1308.0
39.732008,-105.211953,94.72,1313.0
39.732414,-105.212302,97.92,1315.0
39.733259,-105.21304,102.72,1319.0
39.733473,-105.21323,103.68,1320.0
39.733692,-105.213417,104.0,1321.0
39.733917,-105.213608,104.64,1322.0
39.73414,-105.213799,104.64,1323.0
39.734587,-105.214182,105.92,1325.0
39.734812,-105.214373,106.56,1326.0
39.73504,-105.214569,107.84,1327.0
39.735496,-105.214964,106.56,1329.0
39.735715,-105.21516,103.04,1330.0
39.735932,-105.215347,101.12,1331.0
39.73636,-105.215718,99.84,1333.0
39.736782,-105.21609,100.48,1335.0
39.736993,-105.216275,100.16,1336.0
39.737614,-105.216816,96.96,1339.0
39.73782,-105.216996,96.64,1340.0
39.738025,-105.217171,96.96,1341.0
39.738232,-105.21735,97.28,1342.0
39.738644,-105.217709,98.56,1344.0
39.739262,-105.21824,94.72,1347.0
39.740048,-105.218916,89.6,1351.0
39.740423,-105.21924,87.04,1353.0
39.742348,-105.220885,96.32,1363.0
39.742552,-105.221061,96.96,1364.0
39.743169,-105.221592,98.56,1367.0
39.743379,-105.221775,99.84,1368.0
39.744209,-105.222516,98.24,1372.0
39.74462,-105.222888,98.88,1374.0
39.744828,-105.223073,98.56,1375.0
39.745239,-105.223441,98.88,1377.0
39.745447,-105.223627,94.08,1380.0
39.74625,-105.224317,89.92,1382.0
39.746624,-105.224645,88.32,1384.0
39.747381,-105.225309,91.84,1388.0
39.747572,-105.225478,92.16,1389.0
39.747965,-105.225816,92.48,1391.0
39.748743,-105.226519,94.4,1395.0
39.748939,-105.226697,95.04,1396.0
39.749139,-105.226873,95.36,1397.0
39.749533,-105.227227,91.2,1399.0
39.749711,-105.227418,89.92,1400.0
39.750161,-105.228068,85.44,1403.0
39.750374,-105.228553,85.12,1405.0
39.750574,-105.229361,87.36,1408.0
39.750623,-105.229937,88.96,1410.0
39.750654,-105.23082,90.24,1413.0
39.750715,-105.231713,89.92,1416.0
39.75082,-105.232288,88.96,1418.0
39.751079,-105.233097,86.72,1421.0
39.751315,-105.233578,86.08,1423.0
39.752041,-105.234626,83.2,1428.0
39.752195,-105.234819,80.0,1429.0
39.75248,-105.235158,67.52,1431.0
39.752742,-105.235424,60.16,1433.0
39.753096,-105.235717,49.92,1436.0
39.753205,-105.235795,46.4,1437.0
39.753551,-105.235987,26.56,1441.0
39.753797,-105.236091,10.56,1446.0
39.753824,-105.236101,9.92,1447.0
39.753873,-105.236117,9.6,1449.0
39.753935,-105.236138,21.12,1451.0
39.754256,-105.236238,47.04,1455.0
39.754501,-105.236288,54.4,1457.0
39.754642,-105.236308,58.88,1458.0
39.754794,-105.236326,63.68,1459.0
39.754957,-105.23634,66.88,1460.0
39.755126,-105.236347,69.12,1461.0
39.755482,-105.236342,72.0,1463.0
39.755661,-105.236309,72.64,1464.0
39.75601,-105.236168,74.56,1466.0
39.756341,-105.235934,75.84,1468.0
39.756814,-105.235475,76.16,1471.0
39.756972,-105.235329,76.16,1472.0
39.757493,-105.234996,74.88,1475.0
39.757844,-105.23483,72.64,1477.0
39.758374,-105.234597,72.64,1480.0
39.758542,-105.234521,72.96,1481.0
39.759057,-105.234294,70.4,1484.0
39.759223,-105.234218,72.0,1485.0
39.759572,-105.234062,73.28,1487.0
39.760461,-105.233679,72.32,1492.0
39.760636,-105.233612,69.12,1493.0
39.761312,-105.23342,65.28,1497.0
39.76207,-105.233334,52.48,1502.0
39.762203,-105.233328,51.84,1503.0
39.762753,-105.233339,52.8,1507.0
39.762885,-105.233354,49.6,1508.0
39.76301,-105.23337,48.32,1509.0
39.763247,-105.233413,45.76,1511.0
39.76336,-105.233432,45.44,1512.0
39.763724,-105.23352,53.12,1515.0
39.763991,-105.233612,59.2,1517.0
39.76444,-105.2338,56.64,1520.0
39.764572,-105.233858,50.24,1521.0
39.764797,-105.233965,43.84,1523.0
39.764904,-105.234015,42.56,1524.0
39.765108,-105.234107,43.52,1526.0
39.765417,-105.234251,41.92,1529.0
39.765623,-105.234346,47.04,1531.0
39.765965,-105.234504,43.52,1534.0
39.766407,-105.23471,50.88,1538.0
39.766527,-105.234766,52.8,1539.0
39.767272,-105.235108,51.84,1545.0
39.767398,-105.235168,53.76,1546.0
39.767528,-105.23523,56.0,1547.0
39.767938,-105.235434,61.76,1550.0
39.76824,-105.235574,66.24,1552.0
39.768397,-105.235647,68.48,1553.0
39.768561,-105.235723,70.72,1554.0
39.769071,-105.235959,70.08,1557.0
39.769238,-105.236036,69.76,1558.0
39.769403,-105.236112,68.8,1559.0
39.770043,-105.236345,63.68,1563.0
39.770526,-105.236446,65.92,1566.0
39.770693,-105.236465,64.32,1567.0
39.770855,-105.236477,63.36,1568.0
39.771018,-105.236483,64.0,1569.0
39.771181,-105.236481,64.32,1570.0
39.771342,-105.23647,64.0,1571.0
39.771994,-105.236347,69.76,1575.0
39.772165,-105.236291,72.64,1576.0
39.772343,-105.236223,75.52,1577.0
39.772528,-105.236142,78.4,1578.0
39.7729,-105.235954,78.72,1580.0
39.773432,-105.235611,76.8,1583.0
39.773761,-105.235338,78.08,1585.0
39.774085,-105.235035,80.0,1587.0
39.774412,-105.234713,81.92,1589.0
39.774747,-105.234399,80.96,1591.0
39.774916,-105.234246,81.6,1592.0
39.775267,-105.233955,83.84,1594.0
39.775639,-105.233675,86.72,1596.0
39.775835,-105.233539,88.32,1597.0
39.776886,-105.232901,92.48,1602.0
39.777304,-105.232661,85.12,1604.0
39.777502,-105.232551,82.56,1605.0
39.777694,-105.232439,81.28,1606.0
39.778255,-105.232123,78.72,1609.0
39.778436,-105.23202,80.0,1610.0
39.778625,-105.231923,82.56,1611.0
39.779027,-105.231749,86.4,1613.0
39.779239,-105.231673,87.36,1614.0
39.779675,-105.231556,88.0,1616.0
39.779897,-105.231512,88.0,1617.0
39.780117,-105.231476,87.36,1618.0
39.780556,-105.231434,85.44,1620.0
39.781209,-105.231428,87.36,1623.0
39.781431,-105.231431,88.64,1624.0
39.781659,-105.231436,90.24,1625.0
39.781887,-105.231434,92.16,1626.0
39.782357,-105.231427,94.08,1628.0
39.782596,-105.231417,94.4,1629.0
39.784551,-105.23122,96.32,1637.0
39.785039,-105.231175,94.4,1639.0
39.785516,-105.231135,93.12,1641.0
39.785751,-105.231113,91.84,1642.0
39.785984,-105.23109,90.88,1643.0
39.786669,-105.231017,89.6,1646.0
39.786896,-105.23099,89.92,1647.0
39.787124,-105.23096,91.52,1648.0
39.787358,-105.230932,93.12,1649.0
39.787596,-105.230903,94.4,1650.0
39.787835,-105.23087,96.64,1651.0
39.78857,-105.230798,95.04,1654.0
39.788812,-105.230772,93.76,1655.0
39.789051,-105.230744,93.12,1656.0
39.789283,-105.230716,91.84,1657.0
39.789746,-105.230663,90.24,1659.0
39.790427,-105.230587,90.24,1662.0
39.790655,-105.230561,91.2,1663.0
39.790886,-105.230539,91.84,1664.0
39.791354,-105.230487,93.76,1666.0
39.791829,-105.230421,96.64,1668.0
39.792564,-105.230224,102.08,1671.0
39.793057,-105.230009,100.8,1673.0
39.793518,-105.229722,98.56,1675.0
39.793737,-105.229568,97.6,1676.0
39.793952,-105.229411,96.0,1677.0
39.794167,-105.229254,95.36,1678.0
39.794996,-105.228633,94.08,1682.0
39.795407,-105.228315,95.04,1684.0
39.795826,-105.227992,95.36,1686.0
39.796036,-105.227837,94.72,1687.0
39.796669,-105.22737,97.6,1690.0
39.796884,-105.227209,97.92,1691.0
39.797308,-105.226873,98.88,1693.0
39.797744,-105.226536,101.12,1695.0
39.797964,-105.226366,99.2,1696.0
39.798395,-105.226041,94.72,1698.0
39.798608,-105.225885,93.44,1699.0
39.799022,-105.225596,88.96,1701.0
39.799223,-105.225465,85.76,1702.0
39.799422,-105.225344,82.56,1703.0
39.799797,-105.225141,74.88,1705.0
39.799977,-105.225056,69.12,1706.0
39.800143,-105.224987,61.76,1707.0
39.800543,-105.224834,43.52,1710.0
39.800745,-105.224769,38.08,1712.0
39.800843,-105.224739,35.84,1713.0
39.800929,-105.224714,32.0,1714.0
39.801162,-105.22466,11.52,1718.0
39.801195,-105.224651,9.6,1719.0
39.801218,-105.224646,10.56,1720.0
39.801283,-105.224632,20.16,1722.0
39.801403,-105.224607,32.64,1724.0
39.801693,-105.224551,48.32,1727.0
39.801814,-105.224527,52.16,1728.0
39.802572,-105.224381,72.0,1733.0
39.802944,-105.224306,79.68,1735.0
39.803143,-105.224267,83.84,1736.0
39.803577,-105.224183,92.16,1738.0
39.803809,-105.224139,96.0,1739.0
39.804567,-105.223992,108.48,1742.0
39.80484,-105.223942,111.04,1743.0
39.805693,-105.223787,115.84,1746.0
39.806276,-105.223675,116.8,1748.0
39.806568,-105.223618,116.48,1749.0
39.806863,-105.223562,116.16,1750.0
39.807441,-105.22345,113.6,1752.0
39.808003,-105.223334,111.04,1754.0
39.809079,-105.222994,107.52,1758.0
39.809332,-105.222877,108.16,1759.0
39.810096,-105.222473,107.52,1762.0
39.810348,-105.222336,107.52,1763.0
39.810604,-105.222202,107.2,1764.0
39.810862,-105.222084,106.88,1765.0
39.811122,-105.22198,107.2,1766.0
39.811385,-105.221885,106.88,1767.0
39.811916,-105.22175,105.92,1769.0
39.812453,-105.221668,106.88,1771.0
39.812726,-105.221646,108.8,1772.0
39.813282,-105.221629,110.72,1774.0
39.813843,-105.221632,110.08,1776.0
39.814392,-105.221646,102.72,1778.0
39.815169,-105.221667,99.52,1781.0
39.815424,-105.221668,99.2,1782.0
39.815675,-105.221668,98.88,1783.0
39.81643,-105.221662,95.68,1786.0
39.816673,-105.221661,95.04,1787.0
39.816917,-105.221662,95.36,1788.0
39.817159,-105.22166,95.36,1789.0
39.817398,-105.221657,95.68,1790.0
39.81764,-105.221657,96.32,1791.0
39.818135,-105.221657,98.56,1793.0
39.818386,-105.22166,98.88,1794.0
39.818638,-105.22166,99.52,1795.0
39.818891,-105.221663,100.8,1796.0
39.819148,-105.221665,102.72,1797.0
39.819948,-105.221671,105.6,1800.0
39.820212,-105.221672,104.0,1801.0
39.820478,-105.221672,102.72,1802.0
39.820999,-105.221672,101.76,1804.0
39.82152,-105.221673,102.08,1806.0
39.822291,-105.221693,101.76,1809.0
39.823561,-105.222,103.68,1814.0
39.824056,-105.222257,107.2,1816.0
39.824299,-105.222414,107.2,1817.0
39.824535,-105.22259,107.2,1818.0
39.824763,-105.222786,108.16,1819.0
39.825192,-105.22323,107.2,1821.0
39.825584,-105.223723,108.8,1823.0
39.826147,-105.224514,107.52,1826.0
39.826682,-105.225281,101.44,1829.0
39.826854,-105.225529,101.44,1830.0
39.827027,-105.225775,101.44,1831.0
39.8272,-105.226019,101.12,1832.0
39.827376,-105.22626,100.48,1833.0
39.82756,-105.226491,99.84,1834.0
39.828835,-105.227588,97.92,1840.0
39.830521,-105.228124,100.48,1847.0
39.831028,-105.228203,101.76,1849.0
39.831285,-105.228239,102.4,1850.0
39.831545,-105.228276,104.0,1851.0
39.833146,-105.228561,107.84,1857.0
39.833414,-105.228635,107.2,1858.0
39.833938,-105.228817,106.88,1860.0
39.8347,-105.229166,105.6,1863.0
39.834953,-105.229295,106.88,1864.0
39.835719,-105.229693,110.4,1867.0
39.835978,-105.229834,110.4,1868.0
39.836742,-105.230247,105.92,1871.0
39.836988,-105.230381,104.0,1872.0
39.837233,-105.230519,102.72,1873.0
39.837469,-105.230662,101.44,1874.0
39.838327,-105.231337,95.36,1878.0
39.838514,-105.231536,95.36,1879.0
39.838696,-105.231746,96.0,1880.0
39.838877,-105.231963,95.36,1881.0
39.839051,-105.23218,94.08,1882.0
39.839222,-105.232396,92.16,1883.0
39.839389,-105.232608,90.24,1884.0
39.839555,-105.232812,87.04,1885.0
39.840036,-105.233393,85.76,1888.0
39.840202,-105.233582,87.36,1889.0
39.840374,-105.233764,88.32,1890.0
39.840744,-105.234106,89.28,1892.0
39.841772,-105.234732,88.96,1897.0
39.841989,-105.234816,89.28,1898.0
39.842211,-105.234884,89.28,1899.0
39.842897,-105.234997,93.76,1902.0
39.84363,-105.234979,102.08,1905.0
39.84415,-105.234895,105.28,1907.0
39.844412,-105.234838,107.2,1908.0
39.84495,-105.234721,104.96,1910.0
39.845468,-105.234608,98.88,1912.0
39.845715,-105.234558,96.32,1913.0
39.846433,-105.234399,95.36,1916.0
39.846672,-105.234344,97.6,1917.0
39.846919,-105.234286,99.52,1918.0
39.847166,-105.234225,100.48,1919.0
39.848168,-105.233971,101.44,1923.0
39.848675,-105.233841,103.36,1925.0
39.849191,-105.233713,104.32,1927.0
39.84945,-105.23365,104.96,1928.0
39.849973,-105.233517,105.28,1930.0
39.851025,-105.23325,105.6,1934.0
39.852077,-105.232986,104.32,1938.0
39.852334,-105.232917,102.72,1939.0
39.852585,-105.232852,102.4,1940.0
39.852841,-105.23279,102.08,1941.0
39.853349,-105.232666,101.44,1943.0
39.854099,-105.232476,96.0,1946.0
39.854578,-105.232385,95.68,1948.0
39.855543,-105.23238,96.96,1952.0
39.855788,-105.232413,97.92,1953.0
39.856034,-105.232467,98.88,1954.0
39.856756,-105.232755,101.12,1957.0
39.857659,-105.233384,101.44,1961.0
39.857873,-105.233571,103.04,1962.0
39.858086,-105.233763,103.68,1963.0
39.858301,-105.233959,104.32,1964.0
39.858733,-105.234356,103.68,1966.0
39.859384,-105.234923,102.4,1969.0
39.859819,-105.235294,102.72,1971.0
39.860696,-105.236029,102.08,1975.0
39.861128,-105.236396,98.56,1977.0
39.861337,-105.236573,96.96,1978.0
39.861543,-105.236747,96.0,1979.0
39.862147,-105.237259,91.52,1982.0
39.862345,-105.237423,91.84,1983.0
39.862735,-105.237754,89.6,1985.0
39.862926,-105.237916,87.68,1986.0
39.863479,-105.238386,88.0,1989.0
39.863668,-105.238548,89.6,1990.0
39.863859,-105.238711,90.56,1991.0
39.864627,-105.239347,90.24,1995.0
39.865657,-105.240078,94.72,2000.0
39.866099,-105.240331,96.64,2002.0
39.866327,-105.240446,98.24,2003.0
39.866806,-105.240657,100.16,2005.0
39.867053,-105.240738,101.76,2006.0
39.867304,-105.24081,103.36,2007.0
39.868094,-105.240985,108.16,2010.0
39.868367,-105.241029,109.44,2011.0
39.869203,-105.241078,111.36,2014.0
39.869769,-105.241078,111.68,2016.0
39.870053,-105.241074,110.4,2017.0
39.870886,-105.24107,106.56,2020.0
39.871969,-105.24107,107.2,2024.0
39.87224,-105.241069,106.88,2025.0
39.872513,-105.241065,106.24,2026.0
39.873326,-105.241063,108.16,2029.0
39.873602,-105.241063,109.44,2030.0
39.875018,-105.241065,112.32,2035.0
39.876141,-105.241075,108.16,2039.0
39.87669,-105.241081,106.88,2041.0
39.877235,-105.24108,107.2,2043.0
39.87778,-105.241084,106.56,2045.0
39.878052,-105.241081,106.88,2046.0
39.878864,-105.241084,105.6,2049.0
39.879403,-105.241087,107.52,2051.0
39.880224,-105.241092,106.88,2054.0
39.882304,-105.241098,96.0,2062.0
39.882788,-105.241098,91.2,2064.0
39.883021,-105.241097,86.72,2065.0
39.88379,-105.241092,58.88,2069.0
39.883936,-105.241091,50.56,2070.0
39.884062,-105.241091,43.84,2071.0
39.884277,-105.24109,35.2,2073.0
39.884364,-105.241089,32.0,2074.0
39.884445,-105.241091,28.8,2075.0
39.884571,-105.24109,16.32,2077.0
39.884612,-105.241089,10.24,2078.0
39.884658,-105.241087,2.56,2081.0
39.884664,-105.241091,0.0,2083.0
39.884664,-105.241091,0.0,2084.0
39.884664,-105.241091,3.2,2086.0
39.88467,-105.241085,5.12,2087.0
39.884685,-105.241087,8.32,2088.0
39.885028,-105.241092,40.96,2094.0
39.885248,-105.241093,48.0,2096.0
39.885631,-105.241092,53.12,2099.0
39.885767,-105.241096,55.04,2100.0
39.886058,-105.241098,62.08,2102.0
39.886387,-105.241098,69.76,2104.0
39.887133,-105.241099,77.44,2108.0
39.888152,-105.241108,83.52,2113.0
39.888582,-105.24111,85.12,2115.0
39.889218,-105.241112,80.32,2118.0
39.889423,-105.241112,79.36,2119.0
39.890435,-105.241112,81.28,2124.0
39.890848,-105.241115,81.92,2126.0
39.891056,-105.241119,83.52,2127.0
39.89127,-105.24112,85.12,2128.0
39.891486,-105.241119,87.36,2129.0
39.891931,-105.241114,87.36,2131.0
39.892154,-105.241113,87.04,2132.0
39.892827,-105.24111,91.52,2135.0
39.893291,-105.241112,93.76,2137.0
39.893772,-105.24111,94.08,2139.0
39.894011,-105.241112,92.48,2140.0
39.894479,-105.241113,90.24,2142.0
39.89471,-105.241109,89.6,2143.0
39.894937,-105.241106,88.32,2144.0
39.895163,-105.241103,87.36,2145.0
39.895816,-105.241102,83.52,2148.0
39.896028,-105.241102,83.84,2149.0
39.89646,-105.241101,87.04,2151.0
39.896905,-105.241099,89.28,2153.0
39.897588,-105.241098,88.96,2156.0
39.898044,-105.241092,90.24,2158.0
39.898508,-105.241089,91.2,2160.0
39.898739,-105.241087,90.88,2161.0
39.89897,-105.241086,89.92,2162.0
39.899646,-105.24108,84.48,2165.0
39.90007,-105.241074,80.64,2167.0
39.900275,-105.241075,80.64,2168.0
39.900481,-105.241078,81.28,2169.0
39.900898,-105.24108,84.48,2171.0
39.90133,-105.241081,87.68,2173.0
39.90221,-105.241096,81.92,2177.0
39.902418,-105.241098,80.96,2178.0
39.902829,-105.241102,81.6,2180.0
39.903037,-105.241102,82.24,2181.0
39.904098,-105.241104,87.04,2186.0
39.904322,-105.241108,88.0,2187.0
39.905652,-105.241112,85.44,2193.0
39.906084,-105.241102,82.56,2195.0
39.90629,-105.241095,82.88,2196.0
39.908412,-105.240935,81.92,2206.0
39.909033,-105.240833,81.6,2209.0
39.909441,-105.240749,78.4,2211.0
39.909636,-105.240698,76.48,2212.0
39.909825,-105.240642,75.52,2213.0
39.910013,-105.240584,73.6,2214.0
39.910195,-105.240525,72.0,2215.0
39.910722,-105.240348,72.0,2218.0
39.9109,-105.240285,73.6,2219.0
39.911266,-105.240151,74.56,2221.0
39.911448,-105.240079,74.24,2222.0
39.911797,-105.239933,68.48,2224.0
39.912296,-105.239727,69.76,2227.0
39.912465,-105.239657,70.08,2228.0
39.912808,-105.239516,70.72,2230.0
39.912982,-105.239449,69.76,2231.0
39.913151,-105.239381,67.52,2232.0
39.913314,-105.239316,65.92,2233.0
39.913633,-105.239191,66.24,2235.0
39.913795,-105.239128,68.16,2236.0
39.914142,-105.238992,72.64,2238.0
39.914317,-105.238923,74.24,2239.0
39.9145,-105.238852,76.8,2240.0
39.914687,-105.238778,79.68,2241.0
39.914881,-105.238699,82.56,2242.0
39.915082,-105.238619,84.48,2243.0
39.91592,-105.238278,87.68,2247.0
39.916557,-105.238022,86.08,2250.0
39.916768,-105.237935,86.08,2251.0
39.916976,-105.237849,86.72,2252.0
39.917187,-105.237763,86.72,2253.0
39.917398,-105.237675,86.08,2254.0
39.917812,-105.237502,84.8,2256.0
39.918016,-105.237423,84.48,2257.0
39.918222,-105.237342,84.16,2258.0
39.919267,-105.236913,88.96,2263.0
39.919692,-105.236742,86.72,2265.0
39.9199,-105.236657,86.4,2266.0
39.92011,-105.236572,85.12,2267.0
39.920519,-105.236403,83.2,2269.0
39.920927,-105.236243,82.88,2271.0
39.921332,-105.236084,81.92,2273.0
39.921723,-105.235931,76.8,2275.0
39.921909,-105.235855,75.52,2276.0
39.92245,-105.235633,71.68,2279.0
39.922801,-105.235493,70.72,2281.0
39.923145,-105.235355,70.08,2283.0
39.923314,-105.235286,70.72,2284.0
39.923666,-105.235143,74.56,2286.0
39.924031,-105.234996,79.04,2288.0
39.924419,-105.234837,80.0,2290.0
39.924613,-105.234764,79.68,2291.0
39.925211,-105.234583,83.84,2294.0
39.92708,-105.234429,76.16,2303.0
39.927274,-105.234444,74.24,2304.0
39.927464,-105.234457,71.36,2305.0
39.929621,-105.235019,79.68,2317.0
39.93062,-105.235352,84.16,2322.0
39.930828,-105.235423,82.56,2323.0
39.931028,-105.235487,80.96,2324.0
39.931224,-105.235554,80.0,2325.0
39.931611,-105.235684,75.52,2327.0
39.931977,-105.235801,73.28,2329.0
39.932156,-105.235861,72.64,2330.0
39.932334,-105.235919,70.72,2331.0
39.932674,-105.236029,66.88,2333.0
39.93284,-105.23608,67.2,2334.0
39.933007,-105.236129,66.56,2335.0
39.93317,-105.236183,66.24,2336.0
39.933333,-105.236234,65.92,2337.0
39.934003,-105.23644,70.08,2341.0
39.934177,-105.236489,71.04,2342.0
39.93472,-105.236616,74.24,2345.0
39.935289,-105.23669,75.52,2348.0
39.93548,-105.236703,76.8,2349.0
39.935677,-105.23671,78.72,2350.0
39.936693,-105.236645,78.4,2355.0
39.937292,-105.236531,78.72,2358.0
39.938252,-105.236318,78.4,2363.0
39.940332,-105.235858,85.76,2373.0
39.940973,-105.235728,84.16,2376.0
39.941185,-105.235698,79.04,2377.0
39.941559,-105.235655,66.24,2379.0
39.941897,-105.235637,64.96,2381.0
39.942228,-105.235638,66.24,2383.0
39.942398,-105.235644,66.24,2384.0
39.942568,-105.235653,67.84,2385.0
39.942741,-105.23567,69.76,2386.0
39.943292,-105.235756,75.84,2389.0
39.943484,-105.235796,74.56,2390.0
39.943672,-105.23584,73.28,2391.0
39.943853,-105.235892,71.36,2392.0
39.944207,-105.236002,72.0,2394.0
39.944382,-105.236061,70.72,2395.0
39.944556,-105.236122,68.8,2396.0
39.945205,-105.236346,63.04,2400.0
39.945358,-105.236401,63.36,2401.0
39.945671,-105.236499,65.92,2403.0
39.945836,-105.236537,67.2,2404.0
39.946006,-105.236567,67.2,2405.0
39.946345,-105.236589,68.8,2407.0
39.946518,-105.236581,70.72,2408.0
39.94688,-105.236522,69.12,2410.0
39.947392,-105.23635,71.36,2413.0
39.947562,-105.236267,72.32,2414.0
39.948211,-105.235767,80.32,2418.0
39.948375,-105.235608,79.68,2419.0
39.948848,-105.235135,74.24,2422.0
39.949781,-105.23431,73.28,2428.0
39.950103,-105.234062,72.32,2430.0
39.950581,-105.233729,68.8,2433.0
39.950739,-105.233627,69.12,2434.0
39.951232,-105.23333,76.48,2437.0
39.95178,-105.233015,80.64,2440.0
39.952355,-105.232695,81.92,2443.0
39.953185,-105.23216,40.96,2449.0
39.953362,-105.23204,33.6,2451.0
39.953435,-105.231985,30.72,2452.0
39.953536,-105.23165,35.84,2456.0
39.95354,-105.231383,45.12,2458.0
39.953644,-105.231106,50.56,2460.0
39.953739,-105.230995,53.12,2461.0
39.953858,-105.230917,54.72,2462.0
39.954269,-105.230765,60.8,2465.0
39.954415,-105.230701,61.12,2466.0
39.954695,-105.230527,59.52,2468.0
39.954822,-105.230421,58.88,2469.0
39.955061,-105.230181,57.28,2471.0
39.955279,-105.229942,56.0,2473.0
39.955599,-105.229599,49.28,2476.0
39.955793,-105.229407,43.2,2478.0
39.955943,-105.229209,39.68,2480.0
39.956004,-105.22896,41.6,2482.0
39.955997,-105.228817,44.8,2483.0
39.955808,-105.228237,52.8,2487.0
39.955663,-105.22792,59.2,2489.0
39.955329,-105.227215,63.36,2493.0
39.955255,-105.227029,63.36,2494.0
39.955024,-105.225965,74.24,2499.0
39.954991,-105.225724,76.8,2500.0
39.95496,-105.225473,72.64,2501.0
39.95491,-105.225028,62.08,2503.0
39.954837,-105.224274,48.0,2507.0
39.954806,-105.223973,42.88,2509.0
39.954751,-105.223317,58.56,2513.0
39.954735,-105.223124,61.12,2514.0
39.954727,-105.222923,62.4,2515.0
39.954933,-105.221365,79.36,2522.0
39.955298,-105.220109,84.8,2527.0
39.955388,-105.219855,85.76,2528.0
39.955484,-105.219602,86.08,2529.0
39.95558,-105.219349,85.76,2530.0
39.95597,-105.218007,90.88,2535.0
39.956094,-105.217425,92.16,2537.0
39.956221,-105.216839,93.12,2539.0
39.956337,-105.216253,86.08,2541.0
39.956392,-105.215981,82.88,2542.0
39.956452,-105.215716,81.28,2543.0
39.956945,-105.214515,86.08,2548.0
39.957187,-105.214048,83.52,2550.0
39.957782,-105.212584,88.32,2556.0
39.957896,-105.212331,90.24,2557.0
39.95802,-105.212081,91.84,2558.0
39.958666,-105.210765,95.04,2563.0
39.958993,-105.209921,95.36,2566.0
39.959483,-105.208481,96.96,2571.0
39.959579,-105.20819,97.6,2572.0
39.959879,-105.207301,97.28,2575.0
39.96008,-105.206707,98.56,2577.0
39.96018,-105.206409,98.56,2578.0
39.960471,-105.205497,102.08,2581.0
39.960558,-105.205176,103.68,2582.0
39.960628,-105.204844,104.64,2583.0
39.960682,-105.204507,105.92,2584.0
39.960732,-105.204163,106.88,2585.0
39.960871,-105.203109,110.08,2588.0
39.960965,-105.202387,111.36,2590.0
39.961014,-105.202027,111.36,2591.0
39.961061,-105.201663,110.08,2592.0
39.961109,-105.201305,108.16,2593.0
39.961152,-105.20095,105.92,2594.0
39.9612,-105.200606,104.0,2595.0
39.961245,-105.200268,103.68,2596.0
39.961331,-105.199592,105.6,2598.0
39.961374,-105.199249,106.56,2599.0
39.961465,-105.198551,108.16,2601.0
39.961513,-105.1982,106.88,2602.0
39.961558,-105.197853,105.92,2603.0
39.961602,-105.197509,105.92,2604.0
39.961697,-105.196816,107.2,2606.0
39.961746,-105.196466,108.16,2607.0
39.961841,-105.19576,109.44,2609.0
39.961884,-105.195399,110.08,2610.0
39.961929,-105.195043,110.72,2611.0
39.961974,-105.194684,110.72,2612.0
39.962111,-105.193605,108.8,2615.0
39.962288,-105.19222,102.72,2619.0
39.962373,-105.191559,101.44,2621.0
39.962461,-105.190899,101.12,2623.0
39.962502,-105.19057,100.48,2624.0
39.962541,-105.190243,98.56,2625.0
39.962654,-105.189304,91.2,2628.0
39.962689,-105.189005,91.2,2629.0
39.96281,-105.188108,92.16,2632.0
39.962948,-105.187207,96.32,2635.0
39.963,-105.186895,97.92,2636.0
39.963114,-105.186264,99.2,2638.0
39.963178,-105.185944,101.44,2639.0
39.963317,-105.18529,104.0,2641.0
39.963393,-105.184959,104.32,2642.0
39.963467,-105.184629,104.32,2643.0
39.963539,-105.184298,103.04,2644.0
39.963667,-105.183646,97.6,2646.0
39.96373,-105.183005,97.92,2648.0
39.963282,-105.180831,101.12,2655.0
39.963052,-105.180239,98.24,2657.0
39.962617,-105.179126,92.48,2661.0
39.962184,-105.178007,98.24,2665.0
39.962073,-105.177715,98.88,2666.0
39.961959,-105.177421,98.56,2667.0
39.961849,-105.177129,96.96,2668.0
39.961738,-105.176845,95.36,2669.0
39.961627,-105.176567,93.12,2670.0
39.961299,-105.175772,87.68,2673.0
39.960881,-105.174754,86.72,2677.0
39.960781,-105.1745,85.76,2678.0
39.960392,-105.173499,82.88,2682.0
39.960297,-105.173256,82.24,2683.0
39.960108,-105.172772,80.96,2685.0
39.959923,-105.172298,78.4,2687.0
39.959744,-105.171839,74.88,2689.0
39.959655,-105.171613,74.56,2690.0
39.958954,-105.170384,60.8,2697.0
39.958023,-105.170155,65.6,2703.0
39.957179,-105.170161,67.84,2708.0
39.956834,-105.17015,65.28,2710.0
39.956516,-105.170141,56.96,2712.0
39.956233,-105.170094,53.12,2714.0
39.956106,-105.170043,53.12,2715.0
39.955982,-105.169973,53.76,2716.0
39.955453,-105.169384,57.28,2721.0
39.95538,-105.16922,59.84,2722.0
39.955248,-105.16863,66.56,2725.0
39.955242,-105.168409,71.04,2726.0
39.955244,-105.168172,75.52,2727.0
39.955242,-105.167667,76.8,2729.0
39.955245,-105.16716,72.64,2731.0
39.955245,-105.166917,63.68,2732.0
39.955247,-105.166709,53.44,2733.0
39.955247,-105.166395,35.84,2735.0
39.955247,-105.166275,28.8,2736.0
39.955245,-105.166105,15.04,2738.0
39.955245,-105.166055,7.04,2739.0
39.955248,-105.166029,0.32,2741.0
39.955248,-105.166029,0.0,2744.0
39.955248,-105.166029,0.0,2745.0
39.955248,-105.166029,0.0,2746.0
39.955248,-105.166029,0.0,2747.0
39.955248,-105.166029,0.0,2749.0
39.955248,-105.166029,0.0,2750.0
39.955248,-105.166029,0.0,2751.0
39.955248,-105.166029,0.0,2757.0
39.955248,-105.166029,0.0,2758.0
39.955248,-105.166029,0.0,2763.0
39.955248,-105.166029,0.0,2764.0
39.955248,-105.166029,0.0,2765.0
39.955248,-105.166029,0.0,2767.0
39.955248,-105.166029,0.0,2771.0
39.955248,-105.166029,0.0,2776.0
39.955248,-105.166029,0.0,2777.0
39.955248,-105.166029,0.0,2779.0
39.955248,-105.166029,0.0,2780.0
39.955248,-105.166029,0.0,2784.0
39.955248,-105.166029,0.0,2788.0
39.955248,-105.166029,0.0,2789.0
39.955248,-105.166029,0.0,2792.0
39.955248,-105.166029,0.0,2794.0
39.955248,-105.166029,0.0,2797.0
39.955248,-105.166029,0.96,2798.0
39.955248,-105.166029,0.0,2800.0
39.955248,-105.166029,0.0,2801.0
39.955248,-105.166029,0.0,2804.0
39.955248,-105.166029,0.0,2806.0
39.955248,-105.166029,0.0,2811.0
39.955248,-105.166029,0.0,2814.0
39.955248,-105.166029,0.0,2815.0
39.955248,-105.166029,0.0,2818.0
39.955248,-105.166029,0.0,2820.0
39.955248,-105.166029,0.0,2821.0
39.955248,-105.166029,0.0,2823.0
39.955248,-105.166029,0.32,2825.0
39.955248,-105.166029,0.0,2828.0
39.955248,-105.166029,0.0,2830.0
39.955248,-105.166029,0.0,2833.0
39.955248,-105.166029,0.0,2834.0
39.955248,-105.166029,0.0,2838.0
39.955248,-105.166029,0.0,2839.0
39.955266,-105.166,13.76,2842.0
39.955267,-105.16595,20.48,2843.0
39.955402,-105.165663,35.52,2847.0
39.955487,-105.165636,40.0,2848.0
39.955586,-105.165636,45.76,2849.0
39.955836,-105.165662,55.68,2851.0
39.955977,-105.165672,57.6,2852.0
39.95643,-105.165725,63.36,2855.0
39.956751,-105.165794,63.36,2857.0
39.956908,-105.165837,61.12,2858.0
39.957462,-105.165776,39.68,2862.0
39.957722,-105.165723,11.2,2866.0
39.957769,-105.165715,0.96,2869.0
39.957769,-105.165715,0.32,2870.0
